"init, finish, time_total"
1661655281.3641777,1661655316.4104505,35.04627275466919
