"init, finish, time_total"
1661643490.121103,1661643958.3482902,468.22718715667725
