"init, finish, time_total"
1661644716.2232702,1661646486.0479524,1769.8246822357178
